slug,title,category,provided_fields,found_count,found_paths,guessed_paths,needs_attention
nina-and-the-night-sky,Nina and the night sky,Bedtime,,3,C:\Users\Dell Latitude 5420\Documents\belutales\assets\images\nina-and-the-night-sky_1.png;C:\Users\Dell Latitude 5420\Documents\belutales\assets\images\nina-and-the-night-sky_2.png;C:\Users\Dell Latitude 5420\Documents\belutales\assets\images\nina-and-the-night-sky_3.png,C:\Users\Dell Latitude 5420\Documents\belutales\assets\images\nina-and-the-night-sky_1.png;C:\Users\Dell Latitude 5420\Documents\belutales\assets\images\nina-and-the-night-sky_2.png;C:\Users\Dell Latitude 5420\Documents\belutales\assets\images\nina-and-the-night-sky_3.png,OK
ruby-and-the-glow-worms,ruby and the glow worms,Bedtime,,3,C:\Users\Dell Latitude 5420\Documents\belutales\assets\images\ruby-and-the-glow-worms_1.png;C:\Users\Dell Latitude 5420\Documents\belutales\assets\images\ruby-and-the-glow-worms_2.png;C:\Users\Dell Latitude 5420\Documents\belutales\assets\images\ruby-and-the-glow-worms_3.png,C:\Users\Dell Latitude 5420\Documents\belutales\assets\images\ruby-and-the-glow-worms_1.png;C:\Users\Dell Latitude 5420\Documents\belutales\assets\images\ruby-and-the-glow-worms_2.png;C:\Users\Dell Latitude 5420\Documents\belutales\assets\images\ruby-and-the-glow-worms_3.png,OK
sophie-and-the-gentle-giant,sophie and the gentle giant,Bedtime,,3,C:\Users\Dell Latitude 5420\Documents\belutales\assets\images\sophie-and-the-gentle-giant_1.png;C:\Users\Dell Latitude 5420\Documents\belutales\assets\images\sophie-and-the-gentle-giant_2.png;C:\Users\Dell Latitude 5420\Documents\belutales\assets\images\sophie-and-the-gentle-giant_3.png,C:\Users\Dell Latitude 5420\Documents\belutales\assets\images\sophie-and-the-gentle-giant_1.png;C:\Users\Dell Latitude 5420\Documents\belutales\assets\images\sophie-and-the-gentle-giant_2.png;C:\Users\Dell Latitude 5420\Documents\belutales\assets\images\sophie-and-the-gentle-giant_3.png,OK
the-balloon-that-knew-the-way,the balloon that knew the way,Bedtime,,3,C:\Users\Dell Latitude 5420\Documents\belutales\assets\images\the-balloon-that-knew-the-way_1.png;C:\Users\Dell Latitude 5420\Documents\belutales\assets\images\the-balloon-that-knew-the-way_2.png;C:\Users\Dell Latitude 5420\Documents\belutales\assets\images\the-balloon-that-knew-the-way_3.png,C:\Users\Dell Latitude 5420\Documents\belutales\assets\images\the-balloon-that-knew-the-way_1.png;C:\Users\Dell Latitude 5420\Documents\belutales\assets\images\the-balloon-that-knew-the-way_2.png;C:\Users\Dell Latitude 5420\Documents\belutales\assets\images\the-balloon-that-knew-the-way_3.png,OK
the-bee-and-the-birthday-wish,the bee and the birthday wish,Bedtime,,3,C:\Users\Dell Latitude 5420\Documents\belutales\assets\images\the-bee-and-the-birthday-wish_1.png;C:\Users\Dell Latitude 5420\Documents\belutales\assets\images\the-bee-and-the-birthday-wish_2.png;C:\Users\Dell Latitude 5420\Documents\belutales\assets\images\the-bee-and-the-birthday-wish_3.png,C:\Users\Dell Latitude 5420\Documents\belutales\assets\images\the-bee-and-the-birthday-wish_1.png;C:\Users\Dell Latitude 5420\Documents\belutales\assets\images\the-bee-and-the-birthday-wish_2.png;C:\Users\Dell Latitude 5420\Documents\belutales\assets\images\the-bee-and-the-birthday-wish_3.png,OK
the-bee-and-the-sunflower,the bee and the sunflower,Bedtime,,3,C:\Users\Dell Latitude 5420\Documents\belutales\assets\images\the-bee-and-the-sunflower_1.png;C:\Users\Dell Latitude 5420\Documents\belutales\assets\images\the-bee-and-the-sunflower_2.png;C:\Users\Dell Latitude 5420\Documents\belutales\assets\images\the-bee-and-the-sunflower_3.png,C:\Users\Dell Latitude 5420\Documents\belutales\assets\images\the-bee-and-the-sunflower_1.png;C:\Users\Dell Latitude 5420\Documents\belutales\assets\images\the-bee-and-the-sunflower_2.png;C:\Users\Dell Latitude 5420\Documents\belutales\assets\images\the-bee-and-the-sunflower_3.png,OK
the-boy-who-could-speak-colors,the boy who could speak colors,Bedtime,,3,C:\Users\Dell Latitude 5420\Documents\belutales\assets\images\the-boy-who-could-speak-colors_1.png;C:\Users\Dell Latitude 5420\Documents\belutales\assets\images\the-boy-who-could-speak-colors_2.png;C:\Users\Dell Latitude 5420\Documents\belutales\assets\images\the-boy-who-could-speak-colors_3.png,C:\Users\Dell Latitude 5420\Documents\belutales\assets\images\the-boy-who-could-speak-colors_1.png;C:\Users\Dell Latitude 5420\Documents\belutales\assets\images\the-boy-who-could-speak-colors_2.png;C:\Users\Dell Latitude 5420\Documents\belutales\assets\images\the-boy-who-could-speak-colors_3.png,OK
the-boy-who-danced-with-fireflies,the boy who danced with fireflies,Bedtime,,3,C:\Users\Dell Latitude 5420\Documents\belutales\assets\images\the-boy-who-danced-with-fireflies_1.png;C:\Users\Dell Latitude 5420\Documents\belutales\assets\images\the-boy-who-danced-with-fireflies_2.png;C:\Users\Dell Latitude 5420\Documents\belutales\assets\images\the-boy-who-danced-with-fireflies_3.png,C:\Users\Dell Latitude 5420\Documents\belutales\assets\images\the-boy-who-danced-with-fireflies_1.png;C:\Users\Dell Latitude 5420\Documents\belutales\assets\images\the-boy-who-danced-with-fireflies_2.png;C:\Users\Dell Latitude 5420\Documents\belutales\assets\images\the-boy-who-danced-with-fireflies_3.png,OK
the-dragon-who-found-his-fire,The Dragon Who Found His Fire,Bedtime,,3,C:\Users\Dell Latitude 5420\Documents\belutales\assets\images\the-dragon-who-found-his-fire_1.png;C:\Users\Dell Latitude 5420\Documents\belutales\assets\images\the-dragon-who-found-his-fire_2.png;C:\Users\Dell Latitude 5420\Documents\belutales\assets\images\the-dragon-who-found-his-fire_3.png,C:\Users\Dell Latitude 5420\Documents\belutales\assets\images\the-dragon-who-found-his-fire_1.png;C:\Users\Dell Latitude 5420\Documents\belutales\assets\images\the-dragon-who-found-his-fire_2.png;C:\Users\Dell Latitude 5420\Documents\belutales\assets\images\the-dragon-who-found-his-fire_3.png,OK
the-flying-elephant,The Flying Elephant,Bedtime,,3,C:\Users\Dell Latitude 5420\Documents\belutales\assets\images\the-flying-elephant_1.png;C:\Users\Dell Latitude 5420\Documents\belutales\assets\images\the-flying-elephant_2.png;C:\Users\Dell Latitude 5420\Documents\belutales\assets\images\the-flying-elephant_3.png,C:\Users\Dell Latitude 5420\Documents\belutales\assets\images\the-flying-elephant_1.png;C:\Users\Dell Latitude 5420\Documents\belutales\assets\images\the-flying-elephant_2.png;C:\Users\Dell Latitude 5420\Documents\belutales\assets\images\the-flying-elephant_3.png,OK
the-girl-and-the-magic-mirror,The Girl and the Magic Mirror,Bedtime,,3,C:\Users\Dell Latitude 5420\Documents\belutales\assets\images\the-girl-and-the-magic-mirror_1.png;C:\Users\Dell Latitude 5420\Documents\belutales\assets\images\the-girl-and-the-magic-mirror_2.png;C:\Users\Dell Latitude 5420\Documents\belutales\assets\images\the-girl-and-the-magic-mirror_3.png,C:\Users\Dell Latitude 5420\Documents\belutales\assets\images\the-girl-and-the-magic-mirror_1.png;C:\Users\Dell Latitude 5420\Documents\belutales\assets\images\the-girl-and-the-magic-mirror_2.png;C:\Users\Dell Latitude 5420\Documents\belutales\assets\images\the-girl-and-the-magic-mirror_3.png,OK
the-girl-and-the-magic-violin,The Girl and the Magic Violin,Bedtime,,3,C:\Users\Dell Latitude 5420\Documents\belutales\assets\images\the-girl-and-the-magic-violin_1.png;C:\Users\Dell Latitude 5420\Documents\belutales\assets\images\the-girl-and-the-magic-violin_2.png;C:\Users\Dell Latitude 5420\Documents\belutales\assets\images\the-girl-and-the-magic-violin_3.png,C:\Users\Dell Latitude 5420\Documents\belutales\assets\images\the-girl-and-the-magic-violin_1.png;C:\Users\Dell Latitude 5420\Documents\belutales\assets\images\the-girl-and-the-magic-violin_2.png;C:\Users\Dell Latitude 5420\Documents\belutales\assets\images\the-girl-and-the-magic-violin_3.png,OK
the-girl-who-bottled-sunshine,The Girl Who Bottled Sunshine,Bedtime,,3,C:\Users\Dell Latitude 5420\Documents\belutales\assets\images\the-girl-who-bottled-sunshine_1.png;C:\Users\Dell Latitude 5420\Documents\belutales\assets\images\the-girl-who-bottled-sunshine_2.png;C:\Users\Dell Latitude 5420\Documents\belutales\assets\images\the-girl-who-bottled-sunshine_3.png,C:\Users\Dell Latitude 5420\Documents\belutales\assets\images\the-girl-who-bottled-sunshine_1.png;C:\Users\Dell Latitude 5420\Documents\belutales\assets\images\the-girl-who-bottled-sunshine_2.png;C:\Users\Dell Latitude 5420\Documents\belutales\assets\images\the-girl-who-bottled-sunshine_3.png,OK
the-girl-who-collected-raindrops,The Girl Who Collected Raindrops,Bedtime,,3,C:\Users\Dell Latitude 5420\Documents\belutales\assets\images\the-girl-who-collected-raindrops_1.png;C:\Users\Dell Latitude 5420\Documents\belutales\assets\images\the-girl-who-collected-raindrops_2.png;C:\Users\Dell Latitude 5420\Documents\belutales\assets\images\the-girl-who-collected-raindrops_3.png,C:\Users\Dell Latitude 5420\Documents\belutales\assets\images\the-girl-who-collected-raindrops_1.png;C:\Users\Dell Latitude 5420\Documents\belutales\assets\images\the-girl-who-collected-raindrops_2.png;C:\Users\Dell Latitude 5420\Documents\belutales\assets\images\the-girl-who-collected-raindrops_3.png,OK
the-girl-who-painted-music,The Girl Who Painted Music,Bedtime,,3,C:\Users\Dell Latitude 5420\Documents\belutales\assets\images\the-girl-who-painted-music_1.png;C:\Users\Dell Latitude 5420\Documents\belutales\assets\images\the-girl-who-painted-music_2.png;C:\Users\Dell Latitude 5420\Documents\belutales\assets\images\the-girl-who-painted-music_3.png,C:\Users\Dell Latitude 5420\Documents\belutales\assets\images\the-girl-who-painted-music_1.png;C:\Users\Dell Latitude 5420\Documents\belutales\assets\images\the-girl-who-painted-music_2.png;C:\Users\Dell Latitude 5420\Documents\belutales\assets\images\the-girl-who-painted-music_3.png,OK
the-girl-who-painted-stars,The Girl Who Painted Stars,Bedtime,,3,C:\Users\Dell Latitude 5420\Documents\belutales\assets\images\the-girl-who-painted-stars_1.png;C:\Users\Dell Latitude 5420\Documents\belutales\assets\images\the-girl-who-painted-stars_2.png;C:\Users\Dell Latitude 5420\Documents\belutales\assets\images\the-girl-who-painted-stars_3.png,C:\Users\Dell Latitude 5420\Documents\belutales\assets\images\the-girl-who-painted-stars_1.png;C:\Users\Dell Latitude 5420\Documents\belutales\assets\images\the-girl-who-painted-stars_2.png;C:\Users\Dell Latitude 5420\Documents\belutales\assets\images\the-girl-who-painted-stars_3.png,OK
the-girl-who-read-by-moonlight,The Girl Who Read by Moonlight,Bedtime,,3,C:\Users\Dell Latitude 5420\Documents\belutales\assets\images\the-girl-who-read-by-moonlight_1.png;C:\Users\Dell Latitude 5420\Documents\belutales\assets\images\the-girl-who-read-by-moonlight_2.png;C:\Users\Dell Latitude 5420\Documents\belutales\assets\images\the-girl-who-read-by-moonlight_3.png,C:\Users\Dell Latitude 5420\Documents\belutales\assets\images\the-girl-who-read-by-moonlight_1.png;C:\Users\Dell Latitude 5420\Documents\belutales\assets\images\the-girl-who-read-by-moonlight_2.png;C:\Users\Dell Latitude 5420\Documents\belutales\assets\images\the-girl-who-read-by-moonlight_3.png,OK
the-girl-who-spoke-to-dreams,The Girl Who Spoke to Dreams,Bedtime,,3,C:\Users\Dell Latitude 5420\Documents\belutales\assets\images\the-girl-who-spoke-to-dreams_1.png;C:\Users\Dell Latitude 5420\Documents\belutales\assets\images\the-girl-who-spoke-to-dreams_2.png;C:\Users\Dell Latitude 5420\Documents\belutales\assets\images\the-girl-who-spoke-to-dreams_3.png,C:\Users\Dell Latitude 5420\Documents\belutales\assets\images\the-girl-who-spoke-to-dreams_1.png;C:\Users\Dell Latitude 5420\Documents\belutales\assets\images\the-girl-who-spoke-to-dreams_2.png;C:\Users\Dell Latitude 5420\Documents\belutales\assets\images\the-girl-who-spoke-to-dreams_3.png,OK
the-hidden-door,The Hidden Door,Bedtime,,3,C:\Users\Dell Latitude 5420\Documents\belutales\assets\images\the-hidden-door_1.png;C:\Users\Dell Latitude 5420\Documents\belutales\assets\images\the-hidden-door_2.png;C:\Users\Dell Latitude 5420\Documents\belutales\assets\images\the-hidden-door_3.png,C:\Users\Dell Latitude 5420\Documents\belutales\assets\images\the-hidden-door_1.png;C:\Users\Dell Latitude 5420\Documents\belutales\assets\images\the-hidden-door_2.png;C:\Users\Dell Latitude 5420\Documents\belutales\assets\images\the-hidden-door_3.png,OK
the-invisible-thread,The Invisible Thread,Bedtime,,3,C:\Users\Dell Latitude 5420\Documents\belutales\assets\images\the-invisible-thread_1.png;C:\Users\Dell Latitude 5420\Documents\belutales\assets\images\the-invisible-thread_2.png;C:\Users\Dell Latitude 5420\Documents\belutales\assets\images\the-invisible-thread_3.png,C:\Users\Dell Latitude 5420\Documents\belutales\assets\images\the-invisible-thread_1.png;C:\Users\Dell Latitude 5420\Documents\belutales\assets\images\the-invisible-thread_2.png;C:\Users\Dell Latitude 5420\Documents\belutales\assets\images\the-invisible-thread_3.png,OK
the-island-of-lost-balloons,The Island of Lost Balloons,Bedtime,,3,C:\Users\Dell Latitude 5420\Documents\belutales\assets\images\the-island-of-lost-balloons_1.png;C:\Users\Dell Latitude 5420\Documents\belutales\assets\images\the-island-of-lost-balloons_2.png;C:\Users\Dell Latitude 5420\Documents\belutales\assets\images\the-island-of-lost-balloons_3.png,C:\Users\Dell Latitude 5420\Documents\belutales\assets\images\the-island-of-lost-balloons_1.png;C:\Users\Dell Latitude 5420\Documents\belutales\assets\images\the-island-of-lost-balloons_2.png;C:\Users\Dell Latitude 5420\Documents\belutales\assets\images\the-island-of-lost-balloons_3.png,OK
the-lantern-maker-s-secret,The Lantern Maker’s Secret,Bedtime,,0,,,YES
the-lost-button-s-journey,The Lost Button’s Journey,Bedtime,,0,,,YES
the-melody-of-the-moonlight,The Melody of the Moonlight,Bedtime,,3,C:\Users\Dell Latitude 5420\Documents\belutales\assets\images\the-melody-of-the-moonlight_1.png;C:\Users\Dell Latitude 5420\Documents\belutales\assets\images\the-melody-of-the-moonlight_2.png;C:\Users\Dell Latitude 5420\Documents\belutales\assets\images\the-melody-of-the-moonlight_3.png,C:\Users\Dell Latitude 5420\Documents\belutales\assets\images\the-melody-of-the-moonlight_1.png;C:\Users\Dell Latitude 5420\Documents\belutales\assets\images\the-melody-of-the-moonlight_2.png;C:\Users\Dell Latitude 5420\Documents\belutales\assets\images\the-melody-of-the-moonlight_3.png,OK
the-paper-swan-s-wish,The Paper Swan’s Wish,Bedtime,,0,,,YES
the-sandcastle-king-s-crown,The Sandcastle King’s Crown,Bedtime,,0,,,YES
the-squirrel-s-mischievous-quest,The Squirrel’s Mischievous Quest,Nature,,0,,,YES
the-star-who-felt-lonely,The Star Who Felt Lonely,Bedtime,,3,C:\Users\Dell Latitude 5420\Documents\belutales\assets\images\the-star-who-felt-lonely_1.png;C:\Users\Dell Latitude 5420\Documents\belutales\assets\images\the-star-who-felt-lonely_2.png;C:\Users\Dell Latitude 5420\Documents\belutales\assets\images\the-star-who-felt-lonely_3.png,C:\Users\Dell Latitude 5420\Documents\belutales\assets\images\the-star-who-felt-lonely_1.png;C:\Users\Dell Latitude 5420\Documents\belutales\assets\images\the-star-who-felt-lonely_2.png;C:\Users\Dell Latitude 5420\Documents\belutales\assets\images\the-star-who-felt-lonely_3.png,OK
the-tale-of-the-talking-teacup,The Tale of the Talking Teacup,Bedtime,,3,C:\Users\Dell Latitude 5420\Documents\belutales\assets\images\the-tale-of-the-talking-teacup_1.png;C:\Users\Dell Latitude 5420\Documents\belutales\assets\images\the-tale-of-the-talking-teacup_2.png;C:\Users\Dell Latitude 5420\Documents\belutales\assets\images\the-tale-of-the-talking-teacup_3.png,C:\Users\Dell Latitude 5420\Documents\belutales\assets\images\the-tale-of-the-talking-teacup_1.png;C:\Users\Dell Latitude 5420\Documents\belutales\assets\images\the-tale-of-the-talking-teacup_2.png;C:\Users\Dell Latitude 5420\Documents\belutales\assets\images\the-tale-of-the-talking-teacup_3.png,OK
the-tree-that-wrote-poems,The Tree That Wrote Poems,Bedtime,,3,C:\Users\Dell Latitude 5420\Documents\belutales\assets\images\the-tree-that-wrote-poems_1.png;C:\Users\Dell Latitude 5420\Documents\belutales\assets\images\the-tree-that-wrote-poems_2.png;C:\Users\Dell Latitude 5420\Documents\belutales\assets\images\the-tree-that-wrote-poems_3.png,C:\Users\Dell Latitude 5420\Documents\belutales\assets\images\the-tree-that-wrote-poems_1.png;C:\Users\Dell Latitude 5420\Documents\belutales\assets\images\the-tree-that-wrote-poems_2.png;C:\Users\Dell Latitude 5420\Documents\belutales\assets\images\the-tree-that-wrote-poems_3.png,OK
the-umbrella-that-carried-wishes,The Umbrella That Carried Wishes,Bedtime,,3,C:\Users\Dell Latitude 5420\Documents\belutales\assets\images\the-umbrella-that-carried-wishes_1.png;C:\Users\Dell Latitude 5420\Documents\belutales\assets\images\the-umbrella-that-carried-wishes_2.png;C:\Users\Dell Latitude 5420\Documents\belutales\assets\images\the-umbrella-that-carried-wishes_3.png,C:\Users\Dell Latitude 5420\Documents\belutales\assets\images\the-umbrella-that-carried-wishes_1.png;C:\Users\Dell Latitude 5420\Documents\belutales\assets\images\the-umbrella-that-carried-wishes_2.png;C:\Users\Dell Latitude 5420\Documents\belutales\assets\images\the-umbrella-that-carried-wishes_3.png,OK
the-umbrella-that-knew-the-weather,The Umbrella That Knew the Weather,Bedtime,,3,C:\Users\Dell Latitude 5420\Documents\belutales\assets\images\the-umbrella-that-knew-the-weather_1.png;C:\Users\Dell Latitude 5420\Documents\belutales\assets\images\the-umbrella-that-knew-the-weather_2.png;C:\Users\Dell Latitude 5420\Documents\belutales\assets\images\the-umbrella-that-knew-the-weather_3.png,C:\Users\Dell Latitude 5420\Documents\belutales\assets\images\the-umbrella-that-knew-the-weather_1.png;C:\Users\Dell Latitude 5420\Documents\belutales\assets\images\the-umbrella-that-knew-the-weather_2.png;C:\Users\Dell Latitude 5420\Documents\belutales\assets\images\the-umbrella-that-knew-the-weather_3.png,OK
the-whispering-willow-tree,The Whispering Willow Tree,Nature,,3,C:\Users\Dell Latitude 5420\Documents\belutales\assets\images\the-whispering-willow-tree_1.png;C:\Users\Dell Latitude 5420\Documents\belutales\assets\images\the-whispering-willow-tree_2.png;C:\Users\Dell Latitude 5420\Documents\belutales\assets\images\the-whispering-willow-tree_3.png,C:\Users\Dell Latitude 5420\Documents\belutales\assets\images\the-whispering-willow-tree_1.png;C:\Users\Dell Latitude 5420\Documents\belutales\assets\images\the-whispering-willow-tree_2.png;C:\Users\Dell Latitude 5420\Documents\belutales\assets\images\the-whispering-willow-tree_3.png,OK
the-lion-who-lost-his-roar,The Lion Who Lost His Roar,Bedtime,,3,C:\Users\Dell Latitude 5420\Documents\belutales\assets\images\the-lion-who-lost-his-roar_1.png;C:\Users\Dell Latitude 5420\Documents\belutales\assets\images\the-lion-who-lost-his-roar_2.png;C:\Users\Dell Latitude 5420\Documents\belutales\assets\images\the-lion-who-lost-his-roar_3.png,C:\Users\Dell Latitude 5420\Documents\belutales\assets\images\the-lion-who-lost-his-roar_1.png;C:\Users\Dell Latitude 5420\Documents\belutales\assets\images\the-lion-who-lost-his-roar_2.png;C:\Users\Dell Latitude 5420\Documents\belutales\assets\images\the-lion-who-lost-his-roar_3.png,OK
the-shoes-that-danced-without-feet,The Shoes That Danced Without Feet,Bedtime,,3,C:\Users\Dell Latitude 5420\Documents\belutales\assets\images\the-shoes-that-danced-without-feet_1.png;C:\Users\Dell Latitude 5420\Documents\belutales\assets\images\the-shoes-that-danced-without-feet_2.png;C:\Users\Dell Latitude 5420\Documents\belutales\assets\images\the-shoes-that-danced-without-feet_3.png,C:\Users\Dell Latitude 5420\Documents\belutales\assets\images\the-shoes-that-danced-without-feet_1.png;C:\Users\Dell Latitude 5420\Documents\belutales\assets\images\the-shoes-that-danced-without-feet_2.png;C:\Users\Dell Latitude 5420\Documents\belutales\assets\images\the-shoes-that-danced-without-feet_3.png,OK
the-girl-who-found-a-poem-in-the-rain,The Girl Who Found a Poem in the Rain,Bedtime,,3,C:\Users\Dell Latitude 5420\Documents\belutales\assets\images\the-girl-who-found-a-poem-in-the-rain_1.png;C:\Users\Dell Latitude 5420\Documents\belutales\assets\images\the-girl-who-found-a-poem-in-the-rain_2.png;C:\Users\Dell Latitude 5420\Documents\belutales\assets\images\the-girl-who-found-a-poem-in-the-rain_3.png,C:\Users\Dell Latitude 5420\Documents\belutales\assets\images\the-girl-who-found-a-poem-in-the-rain_1.png;C:\Users\Dell Latitude 5420\Documents\belutales\assets\images\the-girl-who-found-a-poem-in-the-rain_2.png;C:\Users\Dell Latitude 5420\Documents\belutales\assets\images\the-girl-who-found-a-poem-in-the-rain_3.png,OK
the-boy-who-collected-echoes,The Boy Who Collected Echoes,Bedtime,,3,C:\Users\Dell Latitude 5420\Documents\belutales\assets\images\the-boy-who-collected-echoes_1.png;C:\Users\Dell Latitude 5420\Documents\belutales\assets\images\the-boy-who-collected-echoes_2.png;C:\Users\Dell Latitude 5420\Documents\belutales\assets\images\the-boy-who-collected-echoes_3.png,C:\Users\Dell Latitude 5420\Documents\belutales\assets\images\the-boy-who-collected-echoes_1.png;C:\Users\Dell Latitude 5420\Documents\belutales\assets\images\the-boy-who-collected-echoes_2.png;C:\Users\Dell Latitude 5420\Documents\belutales\assets\images\the-boy-who-collected-echoes_3.png,OK
the-girl-who-hugged-the-wind,The Girl Who Hugged the Wind,Nature,,3,C:\Users\Dell Latitude 5420\Documents\belutales\assets\images\the-girl-who-hugged-the-wind_1.png;C:\Users\Dell Latitude 5420\Documents\belutales\assets\images\the-girl-who-hugged-the-wind_2.png;C:\Users\Dell Latitude 5420\Documents\belutales\assets\images\the-girl-who-hugged-the-wind_3.png,C:\Users\Dell Latitude 5420\Documents\belutales\assets\images\the-girl-who-hugged-the-wind_1.png;C:\Users\Dell Latitude 5420\Documents\belutales\assets\images\the-girl-who-hugged-the-wind_2.png;C:\Users\Dell Latitude 5420\Documents\belutales\assets\images\the-girl-who-hugged-the-wind_3.png,OK
the-bridge-across-the-sun,The Bridge Across the Sun,Nature,,3,C:\Users\Dell Latitude 5420\Documents\belutales\assets\images\the-bridge-across-the-sun_1.png;C:\Users\Dell Latitude 5420\Documents\belutales\assets\images\the-bridge-across-the-sun_2.png;C:\Users\Dell Latitude 5420\Documents\belutales\assets\images\the-bridge-across-the-sun_3.png,C:\Users\Dell Latitude 5420\Documents\belutales\assets\images\the-bridge-across-the-sun_1.png;C:\Users\Dell Latitude 5420\Documents\belutales\assets\images\the-bridge-across-the-sun_2.png;C:\Users\Dell Latitude 5420\Documents\belutales\assets\images\the-bridge-across-the-sun_3.png,OK
the-girl-who-turned-shadows-into-light,The Girl Who Turned Shadows Into Light,Bedtime,,3,C:\Users\Dell Latitude 5420\Documents\belutales\assets\images\the-girl-who-turned-shadows-into-light_1.png;C:\Users\Dell Latitude 5420\Documents\belutales\assets\images\the-girl-who-turned-shadows-into-light_2.png;C:\Users\Dell Latitude 5420\Documents\belutales\assets\images\the-girl-who-turned-shadows-into-light_3.png,C:\Users\Dell Latitude 5420\Documents\belutales\assets\images\the-girl-who-turned-shadows-into-light_1.png;C:\Users\Dell Latitude 5420\Documents\belutales\assets\images\the-girl-who-turned-shadows-into-light_2.png;C:\Users\Dell Latitude 5420\Documents\belutales\assets\images\the-girl-who-turned-shadows-into-light_3.png,OK
the-fox-who-forgot-how-to-sneak,The Fox Who Forgot How to Sneak,Bedtime,,3,C:\Users\Dell Latitude 5420\Documents\belutales\assets\images\the-fox-who-forgot-how-to-sneak_1.png;C:\Users\Dell Latitude 5420\Documents\belutales\assets\images\the-fox-who-forgot-how-to-sneak_2.png;C:\Users\Dell Latitude 5420\Documents\belutales\assets\images\the-fox-who-forgot-how-to-sneak_3.png,C:\Users\Dell Latitude 5420\Documents\belutales\assets\images\the-fox-who-forgot-how-to-sneak_1.png;C:\Users\Dell Latitude 5420\Documents\belutales\assets\images\the-fox-who-forgot-how-to-sneak_2.png;C:\Users\Dell Latitude 5420\Documents\belutales\assets\images\the-fox-who-forgot-how-to-sneak_3.png,OK
the-mermaid-who-loved-the-stars,The Mermaid Who Loved the Stars,Bedtime,,3,C:\Users\Dell Latitude 5420\Documents\belutales\assets\images\the-mermaid-who-loved-the-stars_1.png;C:\Users\Dell Latitude 5420\Documents\belutales\assets\images\the-mermaid-who-loved-the-stars_2.png;C:\Users\Dell Latitude 5420\Documents\belutales\assets\images\the-mermaid-who-loved-the-stars_3.png,C:\Users\Dell Latitude 5420\Documents\belutales\assets\images\the-mermaid-who-loved-the-stars_1.png;C:\Users\Dell Latitude 5420\Documents\belutales\assets\images\the-mermaid-who-loved-the-stars_2.png;C:\Users\Dell Latitude 5420\Documents\belutales\assets\images\the-mermaid-who-loved-the-stars_3.png,OK
the-boy-and-the-book-that-could-fly,The Boy and the Book That Could Fly,Bedtime,,3,C:\Users\Dell Latitude 5420\Documents\belutales\assets\images\the-boy-and-the-book-that-could-fly_1.png;C:\Users\Dell Latitude 5420\Documents\belutales\assets\images\the-boy-and-the-book-that-could-fly_2.png;C:\Users\Dell Latitude 5420\Documents\belutales\assets\images\the-boy-and-the-book-that-could-fly_3.png,C:\Users\Dell Latitude 5420\Documents\belutales\assets\images\the-boy-and-the-book-that-could-fly_1.png;C:\Users\Dell Latitude 5420\Documents\belutales\assets\images\the-boy-and-the-book-that-could-fly_2.png;C:\Users\Dell Latitude 5420\Documents\belutales\assets\images\the-boy-and-the-book-that-could-fly_3.png,OK
the-teddy-bear-s-secret-mission,The Teddy Bear’s Secret Mission,Bedtime,,0,,,YES
the-talking-tortoise,The Talking Tortoise,Bedtime,,3,C:\Users\Dell Latitude 5420\Documents\belutales\assets\images\the-talking-tortoise_1.png;C:\Users\Dell Latitude 5420\Documents\belutales\assets\images\the-talking-tortoise_2.png;C:\Users\Dell Latitude 5420\Documents\belutales\assets\images\the-talking-tortoise_3.png,C:\Users\Dell Latitude 5420\Documents\belutales\assets\images\the-talking-tortoise_1.png;C:\Users\Dell Latitude 5420\Documents\belutales\assets\images\the-talking-tortoise_2.png;C:\Users\Dell Latitude 5420\Documents\belutales\assets\images\the-talking-tortoise_3.png,OK
the-star-in-the-jar,The Star in the Jar,Bedtime,,3,C:\Users\Dell Latitude 5420\Documents\belutales\assets\images\the-star-in-the-jar_1.png;C:\Users\Dell Latitude 5420\Documents\belutales\assets\images\the-star-in-the-jar_2.png;C:\Users\Dell Latitude 5420\Documents\belutales\assets\images\the-star-in-the-jar_3.png,C:\Users\Dell Latitude 5420\Documents\belutales\assets\images\the-star-in-the-jar_1.png;C:\Users\Dell Latitude 5420\Documents\belutales\assets\images\the-star-in-the-jar_2.png;C:\Users\Dell Latitude 5420\Documents\belutales\assets\images\the-star-in-the-jar_3.png,OK
the-secret-suitcase,The Secret Suitcase,Bedtime,,3,C:\Users\Dell Latitude 5420\Documents\belutales\assets\images\the-secret-suitcase_1.png;C:\Users\Dell Latitude 5420\Documents\belutales\assets\images\the-secret-suitcase_2.png;C:\Users\Dell Latitude 5420\Documents\belutales\assets\images\the-secret-suitcase_3.png,C:\Users\Dell Latitude 5420\Documents\belutales\assets\images\the-secret-suitcase_1.png;C:\Users\Dell Latitude 5420\Documents\belutales\assets\images\the-secret-suitcase_2.png;C:\Users\Dell Latitude 5420\Documents\belutales\assets\images\the-secret-suitcase_3.png,OK
the-secret-of-snowflake,The Secret of Snowflake,Bedtime,,3,C:\Users\Dell Latitude 5420\Documents\belutales\assets\images\the-secret-of-snowflake_1.png;C:\Users\Dell Latitude 5420\Documents\belutales\assets\images\the-secret-of-snowflake_2.png;C:\Users\Dell Latitude 5420\Documents\belutales\assets\images\the-secret-of-snowflake_3.png,C:\Users\Dell Latitude 5420\Documents\belutales\assets\images\the-secret-of-snowflake_1.png;C:\Users\Dell Latitude 5420\Documents\belutales\assets\images\the-secret-of-snowflake_2.png;C:\Users\Dell Latitude 5420\Documents\belutales\assets\images\the-secret-of-snowflake_3.png,OK
the-robot-with-a-heart,The Robot with a Heart,Nature,,3,C:\Users\Dell Latitude 5420\Documents\belutales\assets\images\the-robot-with-a-heart_1.png;C:\Users\Dell Latitude 5420\Documents\belutales\assets\images\the-robot-with-a-heart_2.png;C:\Users\Dell Latitude 5420\Documents\belutales\assets\images\the-robot-with-a-heart_3.png,C:\Users\Dell Latitude 5420\Documents\belutales\assets\images\the-robot-with-a-heart_1.png;C:\Users\Dell Latitude 5420\Documents\belutales\assets\images\the-robot-with-a-heart_2.png;C:\Users\Dell Latitude 5420\Documents\belutales\assets\images\the-robot-with-a-heart_3.png,OK
the-painter-of-forgotten-dreams,The Painter of Forgotten Dreams,Bedtime,,3,C:\Users\Dell Latitude 5420\Documents\belutales\assets\images\the-painter-of-forgotten-dreams_1.png;C:\Users\Dell Latitude 5420\Documents\belutales\assets\images\the-painter-of-forgotten-dreams_2.png;C:\Users\Dell Latitude 5420\Documents\belutales\assets\images\the-painter-of-forgotten-dreams_3.png,C:\Users\Dell Latitude 5420\Documents\belutales\assets\images\the-painter-of-forgotten-dreams_1.png;C:\Users\Dell Latitude 5420\Documents\belutales\assets\images\the-painter-of-forgotten-dreams_2.png;C:\Users\Dell Latitude 5420\Documents\belutales\assets\images\the-painter-of-forgotten-dreams_3.png,OK
the-mirror-that-showed-tomorrow,The Mirror That Showed Tomorrow,Bedtime,,3,C:\Users\Dell Latitude 5420\Documents\belutales\assets\images\the-mirror-that-showed-tomorrow_1.png;C:\Users\Dell Latitude 5420\Documents\belutales\assets\images\the-mirror-that-showed-tomorrow_2.png;C:\Users\Dell Latitude 5420\Documents\belutales\assets\images\the-mirror-that-showed-tomorrow_3.png,C:\Users\Dell Latitude 5420\Documents\belutales\assets\images\the-mirror-that-showed-tomorrow_1.png;C:\Users\Dell Latitude 5420\Documents\belutales\assets\images\the-mirror-that-showed-tomorrow_2.png;C:\Users\Dell Latitude 5420\Documents\belutales\assets\images\the-mirror-that-showed-tomorrow_3.png,OK
the-mermaid-s-forgotten-song,The Mermaid’s Forgotten Song,Bedtime,,0,,,YES
the-magical-paintbrush,The Magical Paintbrush,Bedtime,,3,C:\Users\Dell Latitude 5420\Documents\belutales\assets\images\the-magical-paintbrush_1.png;C:\Users\Dell Latitude 5420\Documents\belutales\assets\images\the-magical-paintbrush_2.png;C:\Users\Dell Latitude 5420\Documents\belutales\assets\images\the-magical-paintbrush_3.png,C:\Users\Dell Latitude 5420\Documents\belutales\assets\images\the-magical-paintbrush_1.png;C:\Users\Dell Latitude 5420\Documents\belutales\assets\images\the-magical-paintbrush_2.png;C:\Users\Dell Latitude 5420\Documents\belutales\assets\images\the-magical-paintbrush_3.png,OK
the-little-llama-who-learned-to-dance,The Little Llama Who Learned to Dance,Bedtime,,0,,,YES
the-lantern-that-floated-upward,The Lantern That Floated Upward,Bedtime,,3,C:\Users\Dell Latitude 5420\Documents\belutales\assets\images\the-lantern-that-floated-upward_1.png;C:\Users\Dell Latitude 5420\Documents\belutales\assets\images\the-lantern-that-floated-upward_2.png;C:\Users\Dell Latitude 5420\Documents\belutales\assets\images\the-lantern-that-floated-upward_3.png,C:\Users\Dell Latitude 5420\Documents\belutales\assets\images\the-lantern-that-floated-upward_1.png;C:\Users\Dell Latitude 5420\Documents\belutales\assets\images\the-lantern-that-floated-upward_2.png;C:\Users\Dell Latitude 5420\Documents\belutales\assets\images\the-lantern-that-floated-upward_3.png,OK
the-girl-with-the-moon-on-her-dress,The Girl with the Moon on Her Dress,Bedtime,,3,C:\Users\Dell Latitude 5420\Documents\belutales\assets\images\the-girl-with-the-moon-on-her-dress_1.png;C:\Users\Dell Latitude 5420\Documents\belutales\assets\images\the-girl-with-the-moon-on-her-dress_2.png;C:\Users\Dell Latitude 5420\Documents\belutales\assets\images\the-girl-with-the-moon-on-her-dress_3.png,C:\Users\Dell Latitude 5420\Documents\belutales\assets\images\the-girl-with-the-moon-on-her-dress_1.png;C:\Users\Dell Latitude 5420\Documents\belutales\assets\images\the-girl-with-the-moon-on-her-dress_2.png;C:\Users\Dell Latitude 5420\Documents\belutales\assets\images\the-girl-with-the-moon-on-her-dress_3.png,OK
the-girl-with-the-feathered-hat,The Girl with the Feathered Hat,Nature,,3,C:\Users\Dell Latitude 5420\Documents\belutales\assets\images\the-girl-with-the-feathered-hat_1.png;C:\Users\Dell Latitude 5420\Documents\belutales\assets\images\the-girl-with-the-feathered-hat_2.png;C:\Users\Dell Latitude 5420\Documents\belutales\assets\images\the-girl-with-the-feathered-hat_3.png,C:\Users\Dell Latitude 5420\Documents\belutales\assets\images\the-girl-with-the-feathered-hat_1.png;C:\Users\Dell Latitude 5420\Documents\belutales\assets\images\the-girl-with-the-feathered-hat_2.png;C:\Users\Dell Latitude 5420\Documents\belutales\assets\images\the-girl-with-the-feathered-hat_3.png,OK
the-girl-with-lantern-eyes,The Girl with Lantern Eyes,Bedtime,,3,C:\Users\Dell Latitude 5420\Documents\belutales\assets\images\the-girl-with-lantern-eyes_1.png;C:\Users\Dell Latitude 5420\Documents\belutales\assets\images\the-girl-with-lantern-eyes_2.png;C:\Users\Dell Latitude 5420\Documents\belutales\assets\images\the-girl-with-lantern-eyes_3.png,C:\Users\Dell Latitude 5420\Documents\belutales\assets\images\the-girl-with-lantern-eyes_1.png;C:\Users\Dell Latitude 5420\Documents\belutales\assets\images\the-girl-with-lantern-eyes_2.png;C:\Users\Dell Latitude 5420\Documents\belutales\assets\images\the-girl-with-lantern-eyes_3.png,OK
the-girl-who-woke-the-mountains,The Girl Who Woke the Mountains,Bedtime,,3,C:\Users\Dell Latitude 5420\Documents\belutales\assets\images\the-girl-who-woke-the-mountains_1.png;C:\Users\Dell Latitude 5420\Documents\belutales\assets\images\the-girl-who-woke-the-mountains_2.png;C:\Users\Dell Latitude 5420\Documents\belutales\assets\images\the-girl-who-woke-the-mountains_3.png,C:\Users\Dell Latitude 5420\Documents\belutales\assets\images\the-girl-who-woke-the-mountains_1.png;C:\Users\Dell Latitude 5420\Documents\belutales\assets\images\the-girl-who-woke-the-mountains_2.png;C:\Users\Dell Latitude 5420\Documents\belutales\assets\images\the-girl-who-woke-the-mountains_3.png,OK
the-girl-who-whistled-to-the-wind,The Girl Who Whistled to the Wind,Bedtime,,3,C:\Users\Dell Latitude 5420\Documents\belutales\assets\images\the-girl-who-whistled-to-the-wind_1.png;C:\Users\Dell Latitude 5420\Documents\belutales\assets\images\the-girl-who-whistled-to-the-wind_2.png;C:\Users\Dell Latitude 5420\Documents\belutales\assets\images\the-girl-who-whistled-to-the-wind_3.png,C:\Users\Dell Latitude 5420\Documents\belutales\assets\images\the-girl-who-whistled-to-the-wind_1.png;C:\Users\Dell Latitude 5420\Documents\belutales\assets\images\the-girl-who-whistled-to-the-wind_2.png;C:\Users\Dell Latitude 5420\Documents\belutales\assets\images\the-girl-who-whistled-to-the-wind_3.png,OK
the-girl-who-traded-wishes,The Girl Who Traded Wishes,Bedtime,,3,C:\Users\Dell Latitude 5420\Documents\belutales\assets\images\the-girl-who-traded-wishes_1.png;C:\Users\Dell Latitude 5420\Documents\belutales\assets\images\the-girl-who-traded-wishes_2.png;C:\Users\Dell Latitude 5420\Documents\belutales\assets\images\the-girl-who-traded-wishes_3.png,C:\Users\Dell Latitude 5420\Documents\belutales\assets\images\the-girl-who-traded-wishes_1.png;C:\Users\Dell Latitude 5420\Documents\belutales\assets\images\the-girl-who-traded-wishes_2.png;C:\Users\Dell Latitude 5420\Documents\belutales\assets\images\the-girl-who-traded-wishes_3.png,OK
the-girl-who-grew-rainbows,The Girl Who Grew Rainbows,Bedtime,,3,C:\Users\Dell Latitude 5420\Documents\belutales\assets\images\the-girl-who-grew-rainbows_1.png;C:\Users\Dell Latitude 5420\Documents\belutales\assets\images\the-girl-who-grew-rainbows_2.png;C:\Users\Dell Latitude 5420\Documents\belutales\assets\images\the-girl-who-grew-rainbows_3.png,C:\Users\Dell Latitude 5420\Documents\belutales\assets\images\the-girl-who-grew-rainbows_1.png;C:\Users\Dell Latitude 5420\Documents\belutales\assets\images\the-girl-who-grew-rainbows_2.png;C:\Users\Dell Latitude 5420\Documents\belutales\assets\images\the-girl-who-grew-rainbows_3.png,OK
the-girl-who-found-time,The Girl Who Found Time,Bedtime,,3,C:\Users\Dell Latitude 5420\Documents\belutales\assets\images\the-girl-who-found-time_1.png;C:\Users\Dell Latitude 5420\Documents\belutales\assets\images\the-girl-who-found-time_2.png;C:\Users\Dell Latitude 5420\Documents\belutales\assets\images\the-girl-who-found-time_3.png,C:\Users\Dell Latitude 5420\Documents\belutales\assets\images\the-girl-who-found-time_1.png;C:\Users\Dell Latitude 5420\Documents\belutales\assets\images\the-girl-who-found-time_2.png;C:\Users\Dell Latitude 5420\Documents\belutales\assets\images\the-girl-who-found-time_3.png,OK
the-girl-who-danced-with-the-wind,The Girl Who Danced with the Wind,Bedtime,,3,C:\Users\Dell Latitude 5420\Documents\belutales\assets\images\the-girl-who-danced-with-the-wind_1.png;C:\Users\Dell Latitude 5420\Documents\belutales\assets\images\the-girl-who-danced-with-the-wind_2.png;C:\Users\Dell Latitude 5420\Documents\belutales\assets\images\the-girl-who-danced-with-the-wind_3.png,C:\Users\Dell Latitude 5420\Documents\belutales\assets\images\the-girl-who-danced-with-the-wind_1.png;C:\Users\Dell Latitude 5420\Documents\belutales\assets\images\the-girl-who-danced-with-the-wind_2.png;C:\Users\Dell Latitude 5420\Documents\belutales\assets\images\the-girl-who-danced-with-the-wind_3.png,OK
the-girl-who-could-speak-to-animals,The Girl Who Could Speak to Animals,Bedtime,,3,C:\Users\Dell Latitude 5420\Documents\belutales\assets\images\the-girl-who-could-speak-to-animals_1.png;C:\Users\Dell Latitude 5420\Documents\belutales\assets\images\the-girl-who-could-speak-to-animals_2.png;C:\Users\Dell Latitude 5420\Documents\belutales\assets\images\the-girl-who-could-speak-to-animals_3.png,C:\Users\Dell Latitude 5420\Documents\belutales\assets\images\the-girl-who-could-speak-to-animals_1.png;C:\Users\Dell Latitude 5420\Documents\belutales\assets\images\the-girl-who-could-speak-to-animals_2.png;C:\Users\Dell Latitude 5420\Documents\belutales\assets\images\the-girl-who-could-speak-to-animals_3.png,OK
the-girl-who-collected-echoes,The Girl Who Collected Echoes,Bedtime,,3,C:\Users\Dell Latitude 5420\Documents\belutales\assets\images\the-girl-who-collected-echoes_1.png;C:\Users\Dell Latitude 5420\Documents\belutales\assets\images\the-girl-who-collected-echoes_2.png;C:\Users\Dell Latitude 5420\Documents\belutales\assets\images\the-girl-who-collected-echoes_3.png,C:\Users\Dell Latitude 5420\Documents\belutales\assets\images\the-girl-who-collected-echoes_1.png;C:\Users\Dell Latitude 5420\Documents\belutales\assets\images\the-girl-who-collected-echoes_2.png;C:\Users\Dell Latitude 5420\Documents\belutales\assets\images\the-girl-who-collected-echoes_3.png,OK
the-fox-who-couldn-t-lie,The Fox Who Couldn't Lie,Bedtime,,0,,,YES
the-forest-that-remembered,The Forest That Remembered,Bedtime,,3,C:\Users\Dell Latitude 5420\Documents\belutales\assets\images\the-forest-that-remembered_1.png;C:\Users\Dell Latitude 5420\Documents\belutales\assets\images\the-forest-that-remembered_2.png;C:\Users\Dell Latitude 5420\Documents\belutales\assets\images\the-forest-that-remembered_3.png,C:\Users\Dell Latitude 5420\Documents\belutales\assets\images\the-forest-that-remembered_1.png;C:\Users\Dell Latitude 5420\Documents\belutales\assets\images\the-forest-that-remembered_2.png;C:\Users\Dell Latitude 5420\Documents\belutales\assets\images\the-forest-that-remembered_3.png,OK
the-cloud-catcher-s-kite,The Cloud Catcher’s Kite,Bedtime,,0,,,YES
the-boy-who-befriended-a-cloud,the boy who befriended a cloud,Nature,,3,C:\Users\Dell Latitude 5420\Documents\belutales\assets\images\the-boy-who-befriended-a-cloud_1.png;C:\Users\Dell Latitude 5420\Documents\belutales\assets\images\the-boy-who-befriended-a-cloud_2.png;C:\Users\Dell Latitude 5420\Documents\belutales\assets\images\the-boy-who-befriended-a-cloud_3.png,C:\Users\Dell Latitude 5420\Documents\belutales\assets\images\the-boy-who-befriended-a-cloud_1.png;C:\Users\Dell Latitude 5420\Documents\belutales\assets\images\the-boy-who-befriended-a-cloud_2.png;C:\Users\Dell Latitude 5420\Documents\belutales\assets\images\the-boy-who-befriended-a-cloud_3.png,OK
the-boy-who-borrowed-the-moon,the boy who borrowed the moon,Bedtime,,3,C:\Users\Dell Latitude 5420\Documents\belutales\assets\images\the-boy-who-borrowed-the-moon_1.png;C:\Users\Dell Latitude 5420\Documents\belutales\assets\images\the-boy-who-borrowed-the-moon_2.png;C:\Users\Dell Latitude 5420\Documents\belutales\assets\images\the-boy-who-borrowed-the-moon_3.png,C:\Users\Dell Latitude 5420\Documents\belutales\assets\images\the-boy-who-borrowed-the-moon_1.png;C:\Users\Dell Latitude 5420\Documents\belutales\assets\images\the-boy-who-borrowed-the-moon_2.png;C:\Users\Dell Latitude 5420\Documents\belutales\assets\images\the-boy-who-borrowed-the-moon_3.png,OK
the-boy-who-sketched-the-wind,The Boy Who Sketched the Wind,Bedtime,,3,C:\Users\Dell Latitude 5420\Documents\belutales\assets\images\the-boy-who-sketched-the-wind_1.png;C:\Users\Dell Latitude 5420\Documents\belutales\assets\images\the-boy-who-sketched-the-wind_2.png;C:\Users\Dell Latitude 5420\Documents\belutales\assets\images\the-boy-who-sketched-the-wind_3.png,C:\Users\Dell Latitude 5420\Documents\belutales\assets\images\the-boy-who-sketched-the-wind_1.png;C:\Users\Dell Latitude 5420\Documents\belutales\assets\images\the-boy-who-sketched-the-wind_2.png;C:\Users\Dell Latitude 5420\Documents\belutales\assets\images\the-boy-who-sketched-the-wind_3.png,OK
the-cat-who-rode-the-wind,The Cat Who Rode the Wind,Nature,,3,C:\Users\Dell Latitude 5420\Documents\belutales\assets\images\the-cat-who-rode-the-wind_1.png;C:\Users\Dell Latitude 5420\Documents\belutales\assets\images\the-cat-who-rode-the-wind_2.png;C:\Users\Dell Latitude 5420\Documents\belutales\assets\images\the-cat-who-rode-the-wind_3.png,C:\Users\Dell Latitude 5420\Documents\belutales\assets\images\the-cat-who-rode-the-wind_1.png;C:\Users\Dell Latitude 5420\Documents\belutales\assets\images\the-cat-who-rode-the-wind_2.png;C:\Users\Dell Latitude 5420\Documents\belutales\assets\images\the-cat-who-rode-the-wind_3.png,OK
the-clockmaker-s-magical-hourglass,The Clockmaker’s Magical Hourglass,Bedtime,,0,,,YES
the-candy-lab-that-got-carried-away,The Candy Lab That Got Carried Away,Bedtime,,3,C:\Users\Dell Latitude 5420\Documents\belutales\assets\images\the-candy-lab-that-got-carried-away_1.png;C:\Users\Dell Latitude 5420\Documents\belutales\assets\images\the-candy-lab-that-got-carried-away_2.png;C:\Users\Dell Latitude 5420\Documents\belutales\assets\images\the-candy-lab-that-got-carried-away_3.png,C:\Users\Dell Latitude 5420\Documents\belutales\assets\images\the-candy-lab-that-got-carried-away_1.png;C:\Users\Dell Latitude 5420\Documents\belutales\assets\images\the-candy-lab-that-got-carried-away_2.png;C:\Users\Dell Latitude 5420\Documents\belutales\assets\images\the-candy-lab-that-got-carried-away_3.png,OK
the-boy-who-could-hear-stars,The Boy Who Could Hear Stars,Bedtime,,3,C:\Users\Dell Latitude 5420\Documents\belutales\assets\images\the-boy-who-could-hear-stars_1.png;C:\Users\Dell Latitude 5420\Documents\belutales\assets\images\the-boy-who-could-hear-stars_2.png;C:\Users\Dell Latitude 5420\Documents\belutales\assets\images\the-boy-who-could-hear-stars_3.png,C:\Users\Dell Latitude 5420\Documents\belutales\assets\images\the-boy-who-could-hear-stars_1.png;C:\Users\Dell Latitude 5420\Documents\belutales\assets\images\the-boy-who-could-hear-stars_2.png;C:\Users\Dell Latitude 5420\Documents\belutales\assets\images\the-boy-who-could-hear-stars_3.png,OK
the-girl-and-the-map-of-dreams,The Girl and the Map of Dreams,Bedtime,,3,C:\Users\Dell Latitude 5420\Documents\belutales\assets\images\the-girl-and-the-map-of-dreams_1.png;C:\Users\Dell Latitude 5420\Documents\belutales\assets\images\the-girl-and-the-map-of-dreams_2.png;C:\Users\Dell Latitude 5420\Documents\belutales\assets\images\the-girl-and-the-map-of-dreams_3.png,C:\Users\Dell Latitude 5420\Documents\belutales\assets\images\the-girl-and-the-map-of-dreams_1.png;C:\Users\Dell Latitude 5420\Documents\belutales\assets\images\the-girl-and-the-map-of-dreams_2.png;C:\Users\Dell Latitude 5420\Documents\belutales\assets\images\the-girl-and-the-map-of-dreams_3.png,OK
the-pebble-that-changed-the-world,The Pebble That Changed the World,Bedtime,,3,C:\Users\Dell Latitude 5420\Documents\belutales\assets\images\the-pebble-that-changed-the-world_1.png;C:\Users\Dell Latitude 5420\Documents\belutales\assets\images\the-pebble-that-changed-the-world_2.png;C:\Users\Dell Latitude 5420\Documents\belutales\assets\images\the-pebble-that-changed-the-world_3.png,C:\Users\Dell Latitude 5420\Documents\belutales\assets\images\the-pebble-that-changed-the-world_1.png;C:\Users\Dell Latitude 5420\Documents\belutales\assets\images\the-pebble-that-changed-the-world_2.png;C:\Users\Dell Latitude 5420\Documents\belutales\assets\images\the-pebble-that-changed-the-world_3.png,OK
the-forest-that-sang-back,The Forest That Sang Back,Bedtime,,3,C:\Users\Dell Latitude 5420\Documents\belutales\assets\images\the-forest-that-sang-back_1.png;C:\Users\Dell Latitude 5420\Documents\belutales\assets\images\the-forest-that-sang-back_2.png;C:\Users\Dell Latitude 5420\Documents\belutales\assets\images\the-forest-that-sang-back_3.png,C:\Users\Dell Latitude 5420\Documents\belutales\assets\images\the-forest-that-sang-back_1.png;C:\Users\Dell Latitude 5420\Documents\belutales\assets\images\the-forest-that-sang-back_2.png;C:\Users\Dell Latitude 5420\Documents\belutales\assets\images\the-forest-that-sang-back_3.png,OK
the-girl-who-caught-the-sunlight,The Girl Who Caught the Sunlight,Nature,,3,C:\Users\Dell Latitude 5420\Documents\belutales\assets\images\the-girl-who-caught-the-sunlight_1.png;C:\Users\Dell Latitude 5420\Documents\belutales\assets\images\the-girl-who-caught-the-sunlight_2.png;C:\Users\Dell Latitude 5420\Documents\belutales\assets\images\the-girl-who-caught-the-sunlight_3.png,C:\Users\Dell Latitude 5420\Documents\belutales\assets\images\the-girl-who-caught-the-sunlight_1.png;C:\Users\Dell Latitude 5420\Documents\belutales\assets\images\the-girl-who-caught-the-sunlight_2.png;C:\Users\Dell Latitude 5420\Documents\belutales\assets\images\the-girl-who-caught-the-sunlight_3.png,OK
the-kite-that-knew-the-way,The Kite That Knew the Way,Bedtime,,3,C:\Users\Dell Latitude 5420\Documents\belutales\assets\images\the-kite-that-knew-the-way_1.png;C:\Users\Dell Latitude 5420\Documents\belutales\assets\images\the-kite-that-knew-the-way_2.png;C:\Users\Dell Latitude 5420\Documents\belutales\assets\images\the-kite-that-knew-the-way_3.png,C:\Users\Dell Latitude 5420\Documents\belutales\assets\images\the-kite-that-knew-the-way_1.png;C:\Users\Dell Latitude 5420\Documents\belutales\assets\images\the-kite-that-knew-the-way_2.png;C:\Users\Dell Latitude 5420\Documents\belutales\assets\images\the-kite-that-knew-the-way_3.png,OK
the-secret-that-lived-in-the-tree,The Secret That Lived in the Tree,Bedtime,,3,C:\Users\Dell Latitude 5420\Documents\belutales\assets\images\the-secret-that-lived-in-the-tree_1.png;C:\Users\Dell Latitude 5420\Documents\belutales\assets\images\the-secret-that-lived-in-the-tree_2.png;C:\Users\Dell Latitude 5420\Documents\belutales\assets\images\the-secret-that-lived-in-the-tree_3.png,C:\Users\Dell Latitude 5420\Documents\belutales\assets\images\the-secret-that-lived-in-the-tree_1.png;C:\Users\Dell Latitude 5420\Documents\belutales\assets\images\the-secret-that-lived-in-the-tree_2.png;C:\Users\Dell Latitude 5420\Documents\belutales\assets\images\the-secret-that-lived-in-the-tree_3.png,OK
the-girl-who-wrote-letters-to-the-stars,The Girl Who Wrote Letters to the Stars,Bedtime,,3,C:\Users\Dell Latitude 5420\Documents\belutales\assets\images\the-girl-who-wrote-letters-to-the-stars_1.png;C:\Users\Dell Latitude 5420\Documents\belutales\assets\images\the-girl-who-wrote-letters-to-the-stars_2.png;C:\Users\Dell Latitude 5420\Documents\belutales\assets\images\the-girl-who-wrote-letters-to-the-stars_3.png,C:\Users\Dell Latitude 5420\Documents\belutales\assets\images\the-girl-who-wrote-letters-to-the-stars_1.png;C:\Users\Dell Latitude 5420\Documents\belutales\assets\images\the-girl-who-wrote-letters-to-the-stars_2.png;C:\Users\Dell Latitude 5420\Documents\belutales\assets\images\the-girl-who-wrote-letters-to-the-stars_3.png,OK
the-mountain-that-could-feel-feelings,The Mountain That Could Feel Feelings,Bedtime,,3,C:\Users\Dell Latitude 5420\Documents\belutales\assets\images\the-mountain-that-could-feel-feelings_1.png;C:\Users\Dell Latitude 5420\Documents\belutales\assets\images\the-mountain-that-could-feel-feelings_2.png;C:\Users\Dell Latitude 5420\Documents\belutales\assets\images\the-mountain-that-could-feel-feelings_3.png,C:\Users\Dell Latitude 5420\Documents\belutales\assets\images\the-mountain-that-could-feel-feelings_1.png;C:\Users\Dell Latitude 5420\Documents\belutales\assets\images\the-mountain-that-could-feel-feelings_2.png;C:\Users\Dell Latitude 5420\Documents\belutales\assets\images\the-mountain-that-could-feel-feelings_3.png,OK
the-library-of-invisible-books,The Library of Invisible Books,Bedtime,,3,C:\Users\Dell Latitude 5420\Documents\belutales\assets\images\the-library-of-invisible-books_1.png;C:\Users\Dell Latitude 5420\Documents\belutales\assets\images\the-library-of-invisible-books_2.png;C:\Users\Dell Latitude 5420\Documents\belutales\assets\images\the-library-of-invisible-books_3.png,C:\Users\Dell Latitude 5420\Documents\belutales\assets\images\the-library-of-invisible-books_1.png;C:\Users\Dell Latitude 5420\Documents\belutales\assets\images\the-library-of-invisible-books_2.png;C:\Users\Dell Latitude 5420\Documents\belutales\assets\images\the-library-of-invisible-books_3.png,OK
the-girl-who-brought-colors-to-the-sky,The Girl Who Brought Colors to the Sky,Bedtime,,3,C:\Users\Dell Latitude 5420\Documents\belutales\assets\images\the-girl-who-brought-colors-to-the-sky_1.png;C:\Users\Dell Latitude 5420\Documents\belutales\assets\images\the-girl-who-brought-colors-to-the-sky_2.png;C:\Users\Dell Latitude 5420\Documents\belutales\assets\images\the-girl-who-brought-colors-to-the-sky_3.png,C:\Users\Dell Latitude 5420\Documents\belutales\assets\images\the-girl-who-brought-colors-to-the-sky_1.png;C:\Users\Dell Latitude 5420\Documents\belutales\assets\images\the-girl-who-brought-colors-to-the-sky_2.png;C:\Users\Dell Latitude 5420\Documents\belutales\assets\images\the-girl-who-brought-colors-to-the-sky_3.png,OK
the-song-the-wind-carried,The Song the Wind Carried,Bedtime,,3,C:\Users\Dell Latitude 5420\Documents\belutales\assets\images\the-song-the-wind-carried_1.png;C:\Users\Dell Latitude 5420\Documents\belutales\assets\images\the-song-the-wind-carried_2.png;C:\Users\Dell Latitude 5420\Documents\belutales\assets\images\the-song-the-wind-carried_3.png,C:\Users\Dell Latitude 5420\Documents\belutales\assets\images\the-song-the-wind-carried_1.png;C:\Users\Dell Latitude 5420\Documents\belutales\assets\images\the-song-the-wind-carried_2.png;C:\Users\Dell Latitude 5420\Documents\belutales\assets\images\the-song-the-wind-carried_3.png,OK
the-bridge-that-only-appeared-at-sunset,The Bridge That Only Appeared at Sunset,Bedtime,,3,C:\Users\Dell Latitude 5420\Documents\belutales\assets\images\the-bridge-that-only-appeared-at-sunset_1.png;C:\Users\Dell Latitude 5420\Documents\belutales\assets\images\the-bridge-that-only-appeared-at-sunset_2.png;C:\Users\Dell Latitude 5420\Documents\belutales\assets\images\the-bridge-that-only-appeared-at-sunset_3.png,C:\Users\Dell Latitude 5420\Documents\belutales\assets\images\the-bridge-that-only-appeared-at-sunset_1.png;C:\Users\Dell Latitude 5420\Documents\belutales\assets\images\the-bridge-that-only-appeared-at-sunset_2.png;C:\Users\Dell Latitude 5420\Documents\belutales\assets\images\the-bridge-that-only-appeared-at-sunset_3.png,OK
the-cloud-that-carried-wishes,The Cloud That Carried Wishes,Bedtime,,3,C:\Users\Dell Latitude 5420\Documents\belutales\assets\images\the-cloud-that-carried-wishes_1.png;C:\Users\Dell Latitude 5420\Documents\belutales\assets\images\the-cloud-that-carried-wishes_2.png;C:\Users\Dell Latitude 5420\Documents\belutales\assets\images\the-cloud-that-carried-wishes_3.png,C:\Users\Dell Latitude 5420\Documents\belutales\assets\images\the-cloud-that-carried-wishes_1.png;C:\Users\Dell Latitude 5420\Documents\belutales\assets\images\the-cloud-that-carried-wishes_2.png;C:\Users\Dell Latitude 5420\Documents\belutales\assets\images\the-cloud-that-carried-wishes_3.png,OK
the-feather-that-waited,The Feather That Waited,Nature,,3,C:\Users\Dell Latitude 5420\Documents\belutales\assets\images\the-feather-that-waited_1.png;C:\Users\Dell Latitude 5420\Documents\belutales\assets\images\the-feather-that-waited_2.png;C:\Users\Dell Latitude 5420\Documents\belutales\assets\images\the-feather-that-waited_3.png,C:\Users\Dell Latitude 5420\Documents\belutales\assets\images\the-feather-that-waited_1.png;C:\Users\Dell Latitude 5420\Documents\belutales\assets\images\the-feather-that-waited_2.png;C:\Users\Dell Latitude 5420\Documents\belutales\assets\images\the-feather-that-waited_3.png,OK
the-girl-who-could-see-music,The Girl Who Could See Music,Bedtime,,3,C:\Users\Dell Latitude 5420\Documents\belutales\assets\images\the-girl-who-could-see-music_1.png;C:\Users\Dell Latitude 5420\Documents\belutales\assets\images\the-girl-who-could-see-music_2.png;C:\Users\Dell Latitude 5420\Documents\belutales\assets\images\the-girl-who-could-see-music_3.png,C:\Users\Dell Latitude 5420\Documents\belutales\assets\images\the-girl-who-could-see-music_1.png;C:\Users\Dell Latitude 5420\Documents\belutales\assets\images\the-girl-who-could-see-music_2.png;C:\Users\Dell Latitude 5420\Documents\belutales\assets\images\the-girl-who-could-see-music_3.png,OK
the-garden-of-forgotten-things,The Garden of Forgotten Things,Bedtime,,3,C:\Users\Dell Latitude 5420\Documents\belutales\assets\images\the-garden-of-forgotten-things_1.png;C:\Users\Dell Latitude 5420\Documents\belutales\assets\images\the-garden-of-forgotten-things_2.png;C:\Users\Dell Latitude 5420\Documents\belutales\assets\images\the-garden-of-forgotten-things_3.png,C:\Users\Dell Latitude 5420\Documents\belutales\assets\images\the-garden-of-forgotten-things_1.png;C:\Users\Dell Latitude 5420\Documents\belutales\assets\images\the-garden-of-forgotten-things_2.png;C:\Users\Dell Latitude 5420\Documents\belutales\assets\images\the-garden-of-forgotten-things_3.png,OK
the-moon-that-waited,The Moon That Waited,Bedtime,,3,C:\Users\Dell Latitude 5420\Documents\belutales\assets\images\the-moon-that-waited_1.png;C:\Users\Dell Latitude 5420\Documents\belutales\assets\images\the-moon-that-waited_2.png;C:\Users\Dell Latitude 5420\Documents\belutales\assets\images\the-moon-that-waited_3.png,C:\Users\Dell Latitude 5420\Documents\belutales\assets\images\the-moon-that-waited_1.png;C:\Users\Dell Latitude 5420\Documents\belutales\assets\images\the-moon-that-waited_2.png;C:\Users\Dell Latitude 5420\Documents\belutales\assets\images\the-moon-that-waited_3.png,OK
the-girl-who-wrote-the-sky,The Girl Who Wrote the Sky,Bedtime,,3,C:\Users\Dell Latitude 5420\Documents\belutales\assets\images\the-girl-who-wrote-the-sky_1.png;C:\Users\Dell Latitude 5420\Documents\belutales\assets\images\the-girl-who-wrote-the-sky_2.png;C:\Users\Dell Latitude 5420\Documents\belutales\assets\images\the-girl-who-wrote-the-sky_3.png,C:\Users\Dell Latitude 5420\Documents\belutales\assets\images\the-girl-who-wrote-the-sky_1.png;C:\Users\Dell Latitude 5420\Documents\belutales\assets\images\the-girl-who-wrote-the-sky_2.png;C:\Users\Dell Latitude 5420\Documents\belutales\assets\images\the-girl-who-wrote-the-sky_3.png,OK
the-rain-that-remembered-her-name,The Rain That Remembered Her Name,Bedtime,,3,C:\Users\Dell Latitude 5420\Documents\belutales\assets\images\the-rain-that-remembered-her-name_1.png;C:\Users\Dell Latitude 5420\Documents\belutales\assets\images\the-rain-that-remembered-her-name_2.png;C:\Users\Dell Latitude 5420\Documents\belutales\assets\images\the-rain-that-remembered-her-name_3.png,C:\Users\Dell Latitude 5420\Documents\belutales\assets\images\the-rain-that-remembered-her-name_1.png;C:\Users\Dell Latitude 5420\Documents\belutales\assets\images\the-rain-that-remembered-her-name_2.png;C:\Users\Dell Latitude 5420\Documents\belutales\assets\images\the-rain-that-remembered-her-name_3.png,OK
the-sandcastle-that-stayed,The Sandcastle That Stayed,Bedtime,,3,C:\Users\Dell Latitude 5420\Documents\belutales\assets\images\the-sandcastle-that-stayed_1.png;C:\Users\Dell Latitude 5420\Documents\belutales\assets\images\the-sandcastle-that-stayed_2.png;C:\Users\Dell Latitude 5420\Documents\belutales\assets\images\the-sandcastle-that-stayed_3.png,C:\Users\Dell Latitude 5420\Documents\belutales\assets\images\the-sandcastle-that-stayed_1.png;C:\Users\Dell Latitude 5420\Documents\belutales\assets\images\the-sandcastle-that-stayed_2.png;C:\Users\Dell Latitude 5420\Documents\belutales\assets\images\the-sandcastle-that-stayed_3.png,OK
the-memory-tree,The Memory Tree,Bedtime,,3,C:\Users\Dell Latitude 5420\Documents\belutales\assets\images\the-memory-tree_1.png;C:\Users\Dell Latitude 5420\Documents\belutales\assets\images\the-memory-tree_2.png;C:\Users\Dell Latitude 5420\Documents\belutales\assets\images\the-memory-tree_3.png,C:\Users\Dell Latitude 5420\Documents\belutales\assets\images\the-memory-tree_1.png;C:\Users\Dell Latitude 5420\Documents\belutales\assets\images\the-memory-tree_2.png;C:\Users\Dell Latitude 5420\Documents\belutales\assets\images\the-memory-tree_3.png,OK
the-star-that-followed-her-home,The Star That Followed Her Home,Bedtime,,3,C:\Users\Dell Latitude 5420\Documents\belutales\assets\images\the-star-that-followed-her-home_1.png;C:\Users\Dell Latitude 5420\Documents\belutales\assets\images\the-star-that-followed-her-home_2.png;C:\Users\Dell Latitude 5420\Documents\belutales\assets\images\the-star-that-followed-her-home_3.png,C:\Users\Dell Latitude 5420\Documents\belutales\assets\images\the-star-that-followed-her-home_1.png;C:\Users\Dell Latitude 5420\Documents\belutales\assets\images\the-star-that-followed-her-home_2.png;C:\Users\Dell Latitude 5420\Documents\belutales\assets\images\the-star-that-followed-her-home_3.png,OK
the-voice-that-could-calm-storms,The Voice That Could Calm Storms,Nature,,3,C:\Users\Dell Latitude 5420\Documents\belutales\assets\images\the-voice-that-could-calm-storms_1.png;C:\Users\Dell Latitude 5420\Documents\belutales\assets\images\the-voice-that-could-calm-storms_2.png;C:\Users\Dell Latitude 5420\Documents\belutales\assets\images\the-voice-that-could-calm-storms_3.png,C:\Users\Dell Latitude 5420\Documents\belutales\assets\images\the-voice-that-could-calm-storms_1.png;C:\Users\Dell Latitude 5420\Documents\belutales\assets\images\the-voice-that-could-calm-storms_2.png;C:\Users\Dell Latitude 5420\Documents\belutales\assets\images\the-voice-that-could-calm-storms_3.png,OK
the-girl-and-the-dream-that-never-faded,The Girl and the Dream That Never Faded,Bedtime,,3,C:\Users\Dell Latitude 5420\Documents\belutales\assets\images\the-girl-and-the-dream-that-never-faded_1.png;C:\Users\Dell Latitude 5420\Documents\belutales\assets\images\the-girl-and-the-dream-that-never-faded_2.png;C:\Users\Dell Latitude 5420\Documents\belutales\assets\images\the-girl-and-the-dream-that-never-faded_3.png,C:\Users\Dell Latitude 5420\Documents\belutales\assets\images\the-girl-and-the-dream-that-never-faded_1.png;C:\Users\Dell Latitude 5420\Documents\belutales\assets\images\the-girl-and-the-dream-that-never-faded_2.png;C:\Users\Dell Latitude 5420\Documents\belutales\assets\images\the-girl-and-the-dream-that-never-faded_3.png,OK
the-pencil-that-could-draw-the-future,The Pencil That Could Draw the Future,Bedtime,,3,C:\Users\Dell Latitude 5420\Documents\belutales\assets\images\the-pencil-that-could-draw-the-future_1.png;C:\Users\Dell Latitude 5420\Documents\belutales\assets\images\the-pencil-that-could-draw-the-future_2.png;C:\Users\Dell Latitude 5420\Documents\belutales\assets\images\the-pencil-that-could-draw-the-future_3.png,C:\Users\Dell Latitude 5420\Documents\belutales\assets\images\the-pencil-that-could-draw-the-future_1.png;C:\Users\Dell Latitude 5420\Documents\belutales\assets\images\the-pencil-that-could-draw-the-future_2.png;C:\Users\Dell Latitude 5420\Documents\belutales\assets\images\the-pencil-that-could-draw-the-future_3.png,OK
the-blanket-that-remembered-stories,The Blanket That Remembered Stories,Bedtime,,0,,,YES
the-boy-and-the-night-that-wouldn-t-end,The Boy and the Night That Wouldn’t End,Bedtime,,0,,,YES
the-mirror-that-showed-who-you-could-be,The Mirror That Showed Who You Could Be,Bedtime,,3,C:\Users\Dell Latitude 5420\Documents\belutales\assets\images\the-mirror-that-showed-who-you-could-be_1.png;C:\Users\Dell Latitude 5420\Documents\belutales\assets\images\the-mirror-that-showed-who-you-could-be_2.png;C:\Users\Dell Latitude 5420\Documents\belutales\assets\images\the-mirror-that-showed-who-you-could-be_3.png,C:\Users\Dell Latitude 5420\Documents\belutales\assets\images\the-mirror-that-showed-who-you-could-be_1.png;C:\Users\Dell Latitude 5420\Documents\belutales\assets\images\the-mirror-that-showed-who-you-could-be_2.png;C:\Users\Dell Latitude 5420\Documents\belutales\assets\images\the-mirror-that-showed-who-you-could-be_3.png,OK
the-treehouse-at-the-end-of-the-rainbow,The Treehouse at the End of the Rainbow,Bedtime,,3,C:\Users\Dell Latitude 5420\Documents\belutales\assets\images\the-treehouse-at-the-end-of-the-rainbow_1.png;C:\Users\Dell Latitude 5420\Documents\belutales\assets\images\the-treehouse-at-the-end-of-the-rainbow_2.png;C:\Users\Dell Latitude 5420\Documents\belutales\assets\images\the-treehouse-at-the-end-of-the-rainbow_3.png,C:\Users\Dell Latitude 5420\Documents\belutales\assets\images\the-treehouse-at-the-end-of-the-rainbow_1.png;C:\Users\Dell Latitude 5420\Documents\belutales\assets\images\the-treehouse-at-the-end-of-the-rainbow_2.png;C:\Users\Dell Latitude 5420\Documents\belutales\assets\images\the-treehouse-at-the-end-of-the-rainbow_3.png,OK
the-girl-and-the-feather-that-floated-forever,The Girl and the Feather That Floated Forever,Bedtime,,3,C:\Users\Dell Latitude 5420\Documents\belutales\assets\images\the-girl-and-the-feather-that-floated-forever_1.png;C:\Users\Dell Latitude 5420\Documents\belutales\assets\images\the-girl-and-the-feather-that-floated-forever_2.png;C:\Users\Dell Latitude 5420\Documents\belutales\assets\images\the-girl-and-the-feather-that-floated-forever_3.png,C:\Users\Dell Latitude 5420\Documents\belutales\assets\images\the-girl-and-the-feather-that-floated-forever_1.png;C:\Users\Dell Latitude 5420\Documents\belutales\assets\images\the-girl-and-the-feather-that-floated-forever_2.png;C:\Users\Dell Latitude 5420\Documents\belutales\assets\images\the-girl-and-the-feather-that-floated-forever_3.png,OK
the-cloud-that-wanted-a-name,The Cloud That Wanted a Name,Friendship,,3,C:\Users\Dell Latitude 5420\Documents\belutales\assets\images\the-cloud-that-wanted-a-name_1.png;C:\Users\Dell Latitude 5420\Documents\belutales\assets\images\the-cloud-that-wanted-a-name_2.png;C:\Users\Dell Latitude 5420\Documents\belutales\assets\images\the-cloud-that-wanted-a-name_3.png,C:\Users\Dell Latitude 5420\Documents\belutales\assets\images\the-cloud-that-wanted-a-name_1.png;C:\Users\Dell Latitude 5420\Documents\belutales\assets\images\the-cloud-that-wanted-a-name_2.png;C:\Users\Dell Latitude 5420\Documents\belutales\assets\images\the-cloud-that-wanted-a-name_3.png,OK
the-girl-who-painted-with-butterflies,The Girl Who Painted with Butterflies,Bedtime,,3,C:\Users\Dell Latitude 5420\Documents\belutales\assets\images\the-girl-who-painted-with-butterflies_1.png;C:\Users\Dell Latitude 5420\Documents\belutales\assets\images\the-girl-who-painted-with-butterflies_2.png;C:\Users\Dell Latitude 5420\Documents\belutales\assets\images\the-girl-who-painted-with-butterflies_3.png,C:\Users\Dell Latitude 5420\Documents\belutales\assets\images\the-girl-who-painted-with-butterflies_1.png;C:\Users\Dell Latitude 5420\Documents\belutales\assets\images\the-girl-who-painted-with-butterflies_2.png;C:\Users\Dell Latitude 5420\Documents\belutales\assets\images\the-girl-who-painted-with-butterflies_3.png,OK
the-secret-of-the-singing-stones,The Secret of the Singing Stones,Nature,,3,C:\Users\Dell Latitude 5420\Documents\belutales\assets\images\the-secret-of-the-singing-stones_1.png;C:\Users\Dell Latitude 5420\Documents\belutales\assets\images\the-secret-of-the-singing-stones_2.png;C:\Users\Dell Latitude 5420\Documents\belutales\assets\images\the-secret-of-the-singing-stones_3.png,C:\Users\Dell Latitude 5420\Documents\belutales\assets\images\the-secret-of-the-singing-stones_1.png;C:\Users\Dell Latitude 5420\Documents\belutales\assets\images\the-secret-of-the-singing-stones_2.png;C:\Users\Dell Latitude 5420\Documents\belutales\assets\images\the-secret-of-the-singing-stones_3.png,OK
the-girl-who-wrote-to-the-wind,The Girl Who Wrote to the Wind,Bedtime,,3,C:\Users\Dell Latitude 5420\Documents\belutales\assets\images\the-girl-who-wrote-to-the-wind_1.png;C:\Users\Dell Latitude 5420\Documents\belutales\assets\images\the-girl-who-wrote-to-the-wind_2.png;C:\Users\Dell Latitude 5420\Documents\belutales\assets\images\the-girl-who-wrote-to-the-wind_3.png,C:\Users\Dell Latitude 5420\Documents\belutales\assets\images\the-girl-who-wrote-to-the-wind_1.png;C:\Users\Dell Latitude 5420\Documents\belutales\assets\images\the-girl-who-wrote-to-the-wind_2.png;C:\Users\Dell Latitude 5420\Documents\belutales\assets\images\the-girl-who-wrote-to-the-wind_3.png,OK
the-boy-who-taught-the-stars-to-dance,The Boy Who Taught the Stars to Dance,Bedtime,,3,C:\Users\Dell Latitude 5420\Documents\belutales\assets\images\the-boy-who-taught-the-stars-to-dance_1.png;C:\Users\Dell Latitude 5420\Documents\belutales\assets\images\the-boy-who-taught-the-stars-to-dance_2.png;C:\Users\Dell Latitude 5420\Documents\belutales\assets\images\the-boy-who-taught-the-stars-to-dance_3.png,C:\Users\Dell Latitude 5420\Documents\belutales\assets\images\the-boy-who-taught-the-stars-to-dance_1.png;C:\Users\Dell Latitude 5420\Documents\belutales\assets\images\the-boy-who-taught-the-stars-to-dance_2.png;C:\Users\Dell Latitude 5420\Documents\belutales\assets\images\the-boy-who-taught-the-stars-to-dance_3.png,OK
the-letter-the-moon-never-sent,The Letter the Moon Never Sent,Bedtime,,3,C:\Users\Dell Latitude 5420\Documents\belutales\assets\images\the-letter-the-moon-never-sent_1.png;C:\Users\Dell Latitude 5420\Documents\belutales\assets\images\the-letter-the-moon-never-sent_2.png;C:\Users\Dell Latitude 5420\Documents\belutales\assets\images\the-letter-the-moon-never-sent_3.png,C:\Users\Dell Latitude 5420\Documents\belutales\assets\images\the-letter-the-moon-never-sent_1.png;C:\Users\Dell Latitude 5420\Documents\belutales\assets\images\the-letter-the-moon-never-sent_2.png;C:\Users\Dell Latitude 5420\Documents\belutales\assets\images\the-letter-the-moon-never-sent_3.png,OK
the-girl-who-found-the-ending,The Girl Who Found the Ending,Bedtime,,3,C:\Users\Dell Latitude 5420\Documents\belutales\assets\images\the-girl-who-found-the-ending_1.png;C:\Users\Dell Latitude 5420\Documents\belutales\assets\images\the-girl-who-found-the-ending_2.png;C:\Users\Dell Latitude 5420\Documents\belutales\assets\images\the-girl-who-found-the-ending_3.png,C:\Users\Dell Latitude 5420\Documents\belutales\assets\images\the-girl-who-found-the-ending_1.png;C:\Users\Dell Latitude 5420\Documents\belutales\assets\images\the-girl-who-found-the-ending_2.png;C:\Users\Dell Latitude 5420\Documents\belutales\assets\images\the-girl-who-found-the-ending_3.png,OK
the-cool-selfie,The Cool Selfie,Bedtime,,3,C:\Users\Dell Latitude 5420\Documents\belutales\assets\images\the-cool-selfie_1.png;C:\Users\Dell Latitude 5420\Documents\belutales\assets\images\the-cool-selfie_2.png;C:\Users\Dell Latitude 5420\Documents\belutales\assets\images\the-cool-selfie_3.png,C:\Users\Dell Latitude 5420\Documents\belutales\assets\images\the-cool-selfie_1.png;C:\Users\Dell Latitude 5420\Documents\belutales\assets\images\the-cool-selfie_2.png;C:\Users\Dell Latitude 5420\Documents\belutales\assets\images\the-cool-selfie_3.png,OK
the-light-bulb-who-thought-too-much,The Light Bulb Who Thought Too Much,Bedtime,,3,C:\Users\Dell Latitude 5420\Documents\belutales\assets\images\the-light-bulb-who-thought-too-much_1.png;C:\Users\Dell Latitude 5420\Documents\belutales\assets\images\the-light-bulb-who-thought-too-much_2.png;C:\Users\Dell Latitude 5420\Documents\belutales\assets\images\the-light-bulb-who-thought-too-much_3.png,C:\Users\Dell Latitude 5420\Documents\belutales\assets\images\the-light-bulb-who-thought-too-much_1.png;C:\Users\Dell Latitude 5420\Documents\belutales\assets\images\the-light-bulb-who-thought-too-much_2.png;C:\Users\Dell Latitude 5420\Documents\belutales\assets\images\the-light-bulb-who-thought-too-much_3.png,OK
katleho-the-kid-from-outer-space,Katleho the Kid from Outer Space,Adventure,,3,C:\Users\Dell Latitude 5420\Documents\belutales\assets\images\katleho-the-kid-from-outer-space_1.png;C:\Users\Dell Latitude 5420\Documents\belutales\assets\images\katleho-the-kid-from-outer-space_2.png;C:\Users\Dell Latitude 5420\Documents\belutales\assets\images\katleho-the-kid-from-outer-space_3.png,C:\Users\Dell Latitude 5420\Documents\belutales\assets\images\katleho-the-kid-from-outer-space_1.png;C:\Users\Dell Latitude 5420\Documents\belutales\assets\images\katleho-the-kid-from-outer-space_2.png;C:\Users\Dell Latitude 5420\Documents\belutales\assets\images\katleho-the-kid-from-outer-space_3.png,OK
the-silver-star-and-the-golden-bell,The Silver Star and the Golden Bell,Friendship,,3,C:\Users\Dell Latitude 5420\Documents\belutales\assets\images\the-silver-star-and-the-golden-bell_1.png;C:\Users\Dell Latitude 5420\Documents\belutales\assets\images\the-silver-star-and-the-golden-bell_2.png;C:\Users\Dell Latitude 5420\Documents\belutales\assets\images\the-silver-star-and-the-golden-bell_3.png,C:\Users\Dell Latitude 5420\Documents\belutales\assets\images\the-silver-star-and-the-golden-bell_1.png;C:\Users\Dell Latitude 5420\Documents\belutales\assets\images\the-silver-star-and-the-golden-bell_2.png;C:\Users\Dell Latitude 5420\Documents\belutales\assets\images\the-silver-star-and-the-golden-bell_3.png,OK
